EmployeeID,EmployeeSalary,MarketBenchmarkSalary,SalaryDeviationPct
EMP-10000,98346.26,98000,0.35
EMP-10001,70305.03,92000,-23.58
EMP-10002,137363.4,132000,4.06
EMP-10003,61497.59,62000,-0.81
EMP-10004,67795.83,62000,9.35
EMP-10005,60361.13,78000,-22.61
EMP-10006,118090.43,128000,-7.74
EMP-10007,144738.67,126000,14.87
EMP-10008,96440.87,86000,12.14
EMP-10009,78737.29,104000,-24.29
EMP-10010,114898.97,124000,-7.34
EMP-10011,134901.31,152000,-11.25
EMP-10012,105978.03,98000,8.14
EMP-10013,135481.01,126000,7.52
EMP-10014,83862.1,86000,-2.49
EMP-10015,110641.53,118000,-6.24
EMP-10016,136183.18,132000,3.17
EMP-10017,122588.29,124000,-1.14
EMP-10018,101178.46,98000,3.24
EMP-10019,66614.95,76000,-12.35
EMP-10020,73883.61,92000,-19.69
EMP-10021,69681.03,76000,-8.31
EMP-10022,93346.58,88000,6.08
EMP-10023,93990.9,88000,6.81
EMP-10024,110558.04,132000,-16.24
EMP-10025,62664.47,62000,1.07
EMP-10026,139703.75,152000,-8.09
EMP-10027,105282.39,98000,7.43
EMP-10028,79314.21,86000,-7.77
EMP-10029,87945.25,84000,4.7
EMP-10030,113574.41,98000,15.89
EMP-10031,77652.42,76000,2.17
EMP-10032,86748.79,84000,3.27
EMP-10033,98442.38,86000,14.47
EMP-10034,101046.19,98000,3.11
EMP-10035,78793.36,76000,3.68
EMP-10036,81129.13,84000,-3.42
EMP-10037,90202.96,104000,-13.27
EMP-10038,142134.17,152000,-6.49
EMP-10039,58699.13,62000,-5.32
EMP-10040,70428.6,76000,-7.33
EMP-10041,76497.32,86000,-11.05
EMP-10042,104499.1,104000,0.48
EMP-10043,78248.71,76000,2.96
EMP-10044,93450.7,86000,8.66
EMP-10045,84988.21,84000,1.18
EMP-10046,129832.52,118000,10.03
EMP-10047,100963.81,94000,7.41
EMP-10048,105581.41,104000,1.52
EMP-10049,72319.97,84000,-13.9
EMP-10050,85213.79,76000,12.12
EMP-10051,49993.08,62000,-19.37
EMP-10052,65752.34,76000,-13.48
EMP-10053,75908.9,86000,-11.73
EMP-10054,120063.54,124000,-3.17
EMP-10055,84884.6,78000,8.83
EMP-10056,77598.54,76000,2.1
EMP-10057,104855.72,104000,0.82
EMP-10058,70807.2,76000,-6.83
EMP-10059,70229.74,84000,-16.39
EMP-10060,148999.02,128000,16.41
EMP-10061,76115.61,86000,-11.49
EMP-10062,75563.45,84000,-10.04
EMP-10063,70883.94,76000,-6.73
EMP-10064,94598.22,92000,2.82
EMP-10065,147351.34,132000,11.63
EMP-10066,50871.86,62000,-17.95
EMP-10067,94714.23,98000,-3.35
EMP-10068,86912.74,88000,-1.24
EMP-10069,86460.72,94000,-8.02
EMP-10070,155758.44,152000,2.47
EMP-10071,102667.36,86000,19.38
EMP-10072,73714.7,86000,-14.29
EMP-10073,70524.74,86000,-17.99
EMP-10074,101230.69,94000,7.69
EMP-10075,83670.01,76000,10.09
EMP-10076,127956.57,132000,-3.06
EMP-10077,76632.62,76000,0.83
EMP-10078,81560.47,94000,-13.23
EMP-10079,74558.66,78000,-4.41
EMP-10080,85493.03,98000,-12.76
EMP-10081,156551.55,152000,2.99
EMP-10082,102140.14,98000,4.22
EMP-10083,75142.57,86000,-12.62
EMP-10084,128455.71,118000,8.86
EMP-10085,93133.25,94000,-0.92
EMP-10086,118755.72,124000,-4.23
EMP-10087,118204.46,124000,-4.67
EMP-10088,125048.88,132000,-5.27
EMP-10089,121614.22,126000,-3.48
EMP-10090,128326.33,128000,0.25
EMP-10091,59982.25,62000,-3.25
EMP-10092,66706.51,62000,7.59
EMP-10093,149202.63,152000,-1.84
EMP-10094,63336.71,62000,2.16
EMP-10095,76377.99,78000,-2.08
EMP-10096,118686.61,104000,14.12
EMP-10097,147595.46,152000,-2.9
EMP-10098,119708.24,126000,-4.99
EMP-10099,74228.64,84000,-11.63
EMP-10100,78812.96,88000,-10.44
EMP-10101,131462.88,124000,6.02
EMP-10102,96302.4,88000,9.43
EMP-10103,79215.71,88000,-9.98
EMP-10104,131130.65,152000,-13.73
EMP-10105,118906.23,128000,-7.1
EMP-10106,90978.66,92000,-1.11
EMP-10107,93882.86,88000,6.69
EMP-10108,80985.08,98000,-17.36
EMP-10109,112649.56,126000,-10.6
EMP-10110,64863.9,76000,-14.65
EMP-10111,117270.36,124000,-5.43
EMP-10112,66918.32,62000,7.93
EMP-10113,89082.53,98000,-9.1
EMP-10114,153908.62,152000,1.26
EMP-10115,73216.76,94000,-22.11
EMP-10116,104927.5,98000,7.07
EMP-10117,88297.68,92000,-4.02
EMP-10118,79945.34,84000,-4.83
EMP-10119,99973.35,126000,-20.66
EMP-10120,129834.24,128000,1.43
EMP-10121,91641.9,92000,-0.39
EMP-10122,85901.81,84000,2.26
EMP-10123,97113.91,124000,-21.68
EMP-10124,95287.78,92000,3.57
EMP-10125,121440.03,128000,-5.12
EMP-10126,99885.88,98000,1.92
EMP-10127,110843.61,118000,-6.06
EMP-10128,121323.73,152000,-20.18
EMP-10129,71055.08,78000,-8.9
EMP-10130,93144.39,94000,-0.91
EMP-10131,87502.63,86000,1.75
EMP-10132,133031.61,124000,7.28
EMP-10133,83525.49,76000,9.9
EMP-10134,73839.6,84000,-12.1
EMP-10135,78213.77,76000,2.91
EMP-10136,127842.25,128000,-0.12
EMP-10137,146021.66,132000,10.62
EMP-10138,106930.38,124000,-13.77
EMP-10139,78237.86,78000,0.3
EMP-10140,157553.48,152000,3.65
EMP-10141,86809.61,94000,-7.65
EMP-10142,86158.11,94000,-8.34
EMP-10143,107712.11,98000,9.91
EMP-10144,117105.61,128000,-8.51
EMP-10145,123930.56,132000,-6.11
EMP-10146,76297.51,76000,0.39
EMP-10147,151016.46,152000,-0.65
EMP-10148,97324.34,94000,3.54
EMP-10149,112718.81,94000,19.91
EMP-10150,85485.37,76000,12.48
EMP-10151,76862.56,76000,1.13
EMP-10152,80754.36,88000,-8.23
EMP-10153,128296.02,128000,0.23
EMP-10154,114024.26,124000,-8.04
EMP-10155,92881.43,98000,-5.22
EMP-10156,94993.35,88000,7.95
EMP-10157,155170.94,152000,2.09
EMP-10158,118958.38,132000,-9.88
EMP-10159,98411.1,84000,17.16
EMP-10160,60224.82,62000,-2.86
EMP-10161,117403.31,124000,-5.32
EMP-10162,86424.07,92000,-6.06
EMP-10163,85866.66,88000,-2.42
EMP-10164,116541.72,124000,-6.01
EMP-10165,94822.14,104000,-8.82
EMP-10166,83955.24,78000,7.63
EMP-10167,76262.57,88000,-13.34
EMP-10168,118899.91,126000,-5.63
EMP-10169,157040.2,152000,3.32
EMP-10170,85624.28,88000,-2.7
EMP-10171,100717.26,118000,-14.65
EMP-10172,64868.42,78000,-16.84
EMP-10173,129515.47,128000,1.18
EMP-10174,91938.04,88000,4.48
EMP-10175,96707.33,98000,-1.32
EMP-10176,76242.57,76000,0.32
EMP-10177,71451.57,78000,-8.4
EMP-10178,79069.03,84000,-5.87
EMP-10179,95615.43,92000,3.93
EMP-10180,134051.85,152000,-11.81
EMP-10181,84731.29,86000,-1.48
EMP-10182,105575.11,118000,-10.53
EMP-10183,164032.24,152000,7.92
EMP-10184,79979.75,92000,-13.07
EMP-10185,122827.77,118000,4.09
EMP-10186,84369.3,92000,-8.29
EMP-10187,79029.23,86000,-8.11
EMP-10188,62820.45,78000,-19.46
EMP-10189,94028.4,94000,0.03
EMP-10190,101299.12,98000,3.37
EMP-10191,73873.88,76000,-2.8
EMP-10192,127349.84,124000,2.7
EMP-10193,75189.89,86000,-12.57
EMP-10194,95841.73,104000,-7.84
EMP-10195,142492.2,152000,-6.26
EMP-10196,85050.48,98000,-13.21
EMP-10197,96697.55,98000,-1.33
EMP-10198,74166.27,92000,-19.38
EMP-10199,64657.82,62000,4.29
EMP-10200,75404.75,78000,-3.33
EMP-10201,140841.09,124000,13.58
EMP-10202,79621.52,76000,4.77
EMP-10203,69506.08,76000,-8.54
EMP-10204,87622.22,78000,12.34
EMP-10205,142540.65,152000,-6.22
EMP-10206,153938.75,152000,1.28
EMP-10207,100569.49,88000,14.28
EMP-10208,85732.9,88000,-2.58
EMP-10209,130555.0,132000,-1.09
EMP-10210,124399.67,124000,0.32
EMP-10211,77823.12,92000,-15.41
EMP-10212,95899.67,118000,-18.73
EMP-10213,105226.81,118000,-10.82
EMP-10214,157760.15,152000,3.79
EMP-10215,124317.17,126000,-1.34
EMP-10216,108627.55,118000,-7.94
EMP-10217,61500.81,62000,-0.81
EMP-10218,94964.05,86000,10.42
EMP-10219,157869.03,152000,3.86
EMP-10220,69687.77,76000,-8.31
EMP-10221,123095.57,124000,-0.73
EMP-10222,118108.49,104000,13.57
EMP-10223,126488.3,124000,2.01
EMP-10224,106586.16,126000,-15.41
EMP-10225,141405.87,132000,7.13
EMP-10226,117657.86,128000,-8.08
EMP-10227,110714.38,124000,-10.71
EMP-10228,154767.31,152000,1.82
EMP-10229,106672.86,124000,-13.97
EMP-10230,107034.12,104000,2.92
EMP-10231,91480.33,92000,-0.56
EMP-10232,88430.63,104000,-14.97
EMP-10233,95931.88,98000,-2.11
EMP-10234,106572.57,104000,2.47
EMP-10235,129641.11,118000,9.87
EMP-10236,79203.49,86000,-7.9
EMP-10237,169553.78,152000,11.55
EMP-10238,97896.79,118000,-17.04
EMP-10239,120413.15,126000,-4.43
EMP-10240,82675.41,92000,-10.14
EMP-10241,63802.84,62000,2.91
EMP-10242,85975.77,86000,-0.03
EMP-10243,79571.1,78000,2.01
EMP-10244,55545.98,62000,-10.41
EMP-10245,81682.96,86000,-5.02
EMP-10246,77063.46,76000,1.4
EMP-10247,119072.27,132000,-9.79
EMP-10248,117571.75,124000,-5.18
EMP-10249,105214.67,126000,-16.5
EMP-10250,120451.48,104000,15.82
EMP-10251,62932.93,76000,-17.19
EMP-10252,127900.84,104000,22.98
EMP-10253,119769.69,118000,1.5
EMP-10254,151264.28,132000,14.59
EMP-10255,81383.96,76000,7.08
EMP-10256,99330.25,98000,1.36
EMP-10257,102653.47,98000,4.75
EMP-10258,72470.36,76000,-4.64
EMP-10259,119607.6,124000,-3.54
EMP-10260,76896.62,76000,1.18
EMP-10261,92666.57,92000,0.72
EMP-10262,118280.17,118000,0.24
EMP-10263,79555.09,76000,4.68
EMP-10264,75172.11,76000,-1.09
EMP-10265,75740.53,76000,-0.34
EMP-10266,85453.29,92000,-7.12
EMP-10267,105906.1,104000,1.83
EMP-10268,166885.28,152000,9.79
EMP-10269,102143.98,132000,-22.62
EMP-10270,83398.74,88000,-5.23
EMP-10271,87241.44,94000,-7.19
EMP-10272,92869.87,86000,7.99
EMP-10273,79900.52,86000,-7.09
EMP-10274,68314.85,76000,-10.11
EMP-10275,88301.19,98000,-9.9
EMP-10276,84494.9,78000,8.33
EMP-10277,63986.87,78000,-17.97
EMP-10278,100608.23,98000,2.66
EMP-10279,106920.11,98000,9.1
EMP-10280,90499.89,92000,-1.63
EMP-10281,84404.97,104000,-18.84
EMP-10282,78534.18,76000,3.33
EMP-10283,105503.22,124000,-14.92
EMP-10284,82542.39,92000,-10.28
EMP-10285,91292.7,104000,-12.22
EMP-10286,61681.91,62000,-0.51
EMP-10287,94385.14,86000,9.75
EMP-10288,126180.14,118000,6.93
EMP-10289,74516.24,76000,-1.95
EMP-10290,83459.42,86000,-2.95
EMP-10291,79203.49,86000,-7.9
EMP-10292,103855.43,84000,23.64
EMP-10293,76147.31,86000,-11.46
EMP-10294,70329.38,78000,-9.83
EMP-10295,91979.22,98000,-6.14
EMP-10296,129961.72,124000,4.81
EMP-10297,135330.48,152000,-10.97
EMP-10298,124816.73,124000,0.66
EMP-10299,75066.44,76000,-1.23
EMP-10300,163315.25,152000,7.44
EMP-10301,91638.36,84000,9.09
EMP-10302,118976.95,124000,-4.05
EMP-10303,140685.7,124000,13.46
EMP-10304,96407.95,84000,14.77
EMP-10305,118187.83,118000,0.16
EMP-10306,124267.76,126000,-1.37
EMP-10307,60215.69,76000,-20.77
EMP-10308,133651.55,128000,4.42
EMP-10309,72092.24,84000,-14.18
EMP-10310,79780.6,76000,4.97
EMP-10311,78046.28,86000,-9.25
EMP-10312,72150.28,84000,-14.11
EMP-10313,91259.32,104000,-12.25
EMP-10314,108291.43,98000,10.5
EMP-10315,81765.83,78000,4.83
EMP-10316,94987.62,92000,3.25
EMP-10317,80402.07,86000,-6.51
EMP-10318,63870.88,76000,-15.96
EMP-10319,100123.53,92000,8.83
EMP-10320,82465.08,88000,-6.29
EMP-10321,65364.81,62000,5.43
EMP-10322,127095.37,132000,-3.72
EMP-10323,74953.41,76000,-1.38
EMP-10324,81059.22,86000,-5.75
EMP-10325,137457.69,124000,10.85
EMP-10326,94309.37,86000,9.66
EMP-10327,105477.55,98000,7.63
EMP-10328,102808.25,94000,9.37
EMP-10329,76622.12,78000,-1.77
EMP-10330,108688.11,128000,-15.09
EMP-10331,70419.29,78000,-9.72
EMP-10332,92579.65,92000,0.63
EMP-10333,69575.96,78000,-10.8
EMP-10334,122213.61,118000,3.57
EMP-10335,106319.6,118000,-9.9
EMP-10336,89683.49,86000,4.28
EMP-10337,82157.81,78000,5.33
EMP-10338,107306.08,126000,-14.84
EMP-10339,151880.15,152000,-0.08
EMP-10340,140727.29,152000,-7.42
EMP-10341,71366.25,84000,-15.04
EMP-10342,81041.98,84000,-3.52
EMP-10343,119553.9,126000,-5.12
EMP-10344,98801.29,92000,7.39
EMP-10345,66766.04,78000,-14.4
EMP-10346,136199.17,132000,3.18
EMP-10347,64460.14,84000,-23.26
EMP-10348,71046.55,86000,-17.39
EMP-10349,115490.27,104000,11.05
EMP-10350,83384.06,92000,-9.37
EMP-10351,138733.7,152000,-8.73
EMP-10352,94369.76,94000,0.39
EMP-10353,127694.91,126000,1.35
EMP-10354,89107.76,104000,-14.32
EMP-10355,84620.93,86000,-1.6
EMP-10356,112670.81,126000,-10.58
EMP-10357,81062.66,76000,6.66
EMP-10358,82990.78,78000,6.4
EMP-10359,126286.68,124000,1.84
EMP-10360,83141.62,76000,9.4
EMP-10361,127725.62,126000,1.37
EMP-10362,64139.66,76000,-15.61
EMP-10363,117825.28,118000,-0.15
EMP-10364,146647.48,128000,14.57
EMP-10365,94171.54,104000,-9.45
EMP-10366,79941.24,76000,5.19
EMP-10367,132311.89,128000,3.37
EMP-10368,72246.53,92000,-21.47
EMP-10369,129747.32,132000,-1.71
EMP-10370,91299.23,94000,-2.87
EMP-10371,88287.29,86000,2.66
EMP-10372,149159.27,152000,-1.87
EMP-10373,91483.29,94000,-2.68
EMP-10374,73082.98,76000,-3.84
EMP-10375,84883.17,88000,-3.54
EMP-10376,89156.4,86000,3.67
EMP-10377,98516.67,94000,4.8
EMP-10378,120083.77,124000,-3.16
EMP-10379,108965.83,118000,-7.66
EMP-10380,121186.35,132000,-8.19
EMP-10381,74236.96,84000,-11.62
EMP-10382,95887.04,98000,-2.16
EMP-10383,127768.59,128000,-0.18
EMP-10384,89356.94,78000,14.56
EMP-10385,84804.12,76000,11.58
EMP-10386,111221.39,124000,-10.31
EMP-10387,94977.02,88000,7.93
EMP-10388,92732.33,88000,5.38
EMP-10389,103155.37,118000,-12.58
EMP-10390,69851.4,76000,-8.09
EMP-10391,72070.2,84000,-14.2
EMP-10392,86596.84,94000,-7.88
EMP-10393,83522.86,86000,-2.88
EMP-10394,72446.8,76000,-4.68
EMP-10395,107718.29,124000,-13.13
EMP-10396,87780.37,92000,-4.59
EMP-10397,77637.03,92000,-15.61
EMP-10398,109387.67,128000,-14.54
EMP-10399,71899.93,76000,-5.39
EMP-10400,75209.01,76000,-1.04
EMP-10401,140288.56,152000,-7.7
EMP-10402,123597.79,118000,4.74
EMP-10403,68544.66,62000,10.56
EMP-10404,132663.78,152000,-12.72
EMP-10405,83047.8,84000,-1.13
EMP-10406,92151.12,98000,-5.97
EMP-10407,119552.89,118000,1.32
EMP-10408,130220.28,124000,5.02
EMP-10409,88851.12,86000,3.32
EMP-10410,126444.22,126000,0.35
EMP-10411,123133.86,124000,-0.7
EMP-10412,81290.64,78000,4.22
EMP-10413,101198.21,92000,10.0
EMP-10414,90220.1,88000,2.52
EMP-10415,122788.44,126000,-2.55
EMP-10416,115693.94,118000,-1.95
EMP-10417,79255.22,78000,1.61
EMP-10418,124387.29,118000,5.41
EMP-10419,86375.58,88000,-1.85
EMP-10420,99093.07,104000,-4.72
EMP-10421,88294.7,88000,0.33
EMP-10422,89216.79,104000,-14.21
EMP-10423,56810.42,62000,-8.37
EMP-10424,86389.32,88000,-1.83
EMP-10425,130121.62,118000,10.27
EMP-10426,95707.06,98000,-2.34
EMP-10427,119777.95,126000,-4.94
EMP-10428,153574.66,152000,1.04
EMP-10429,86908.17,98000,-11.32
EMP-10430,120240.39,118000,1.9
EMP-10431,107978.31,128000,-15.64
EMP-10432,88241.08,88000,0.27
EMP-10433,87144.93,92000,-5.28
EMP-10434,97705.29,92000,6.2
EMP-10435,145173.44,152000,-4.49
EMP-10436,132246.54,118000,12.07
EMP-10437,78035.61,92000,-15.18
EMP-10438,95631.45,124000,-22.88
EMP-10439,79775.68,76000,4.97
EMP-10440,92043.67,126000,-26.95
EMP-10441,71116.3,76000,-6.43
EMP-10442,102455.43,104000,-1.49
EMP-10443,180376.3,152000,18.67
EMP-10444,159333.07,152000,4.82
EMP-10445,91131.9,84000,8.49
EMP-10446,100403.61,118000,-14.91
EMP-10447,94635.41,92000,2.86
EMP-10448,133655.34,124000,7.79
EMP-10449,86210.77,88000,-2.03
EMP-10450,87644.13,84000,4.34
EMP-10451,123512.61,126000,-1.97
EMP-10452,153229.68,124000,23.57
EMP-10453,125044.13,132000,-5.27
EMP-10454,123324.34,118000,4.51
EMP-10455,150643.06,152000,-0.89
EMP-10456,83191.33,86000,-3.27
EMP-10457,84322.98,86000,-1.95
EMP-10458,77424.96,84000,-7.83
EMP-10459,94669.78,104000,-8.97
EMP-10460,111221.39,124000,-10.31
EMP-10461,95073.37,98000,-2.99
EMP-10462,128113.01,118000,8.57
EMP-10463,82532.54,86000,-4.03
EMP-10464,94014.42,98000,-4.07
EMP-10465,82877.64,92000,-9.92
EMP-10466,70297.15,76000,-7.5
EMP-10467,80195.72,86000,-6.75
EMP-10468,83073.26,86000,-3.4
EMP-10469,75070.7,76000,-1.22
EMP-10470,85133.6,92000,-7.46
EMP-10471,125904.78,118000,6.7
EMP-10472,93089.25,88000,5.78
EMP-10473,95933.46,86000,11.55
EMP-10474,103545.87,104000,-0.44
EMP-10475,115422.67,124000,-6.92
EMP-10476,126748.2,152000,-16.61
EMP-10477,133183.11,118000,12.87
EMP-10478,123371.2,126000,-2.09
EMP-10479,76938.81,88000,-12.57
EMP-10480,86144.53,92000,-6.36
EMP-10481,73431.44,88000,-16.56
EMP-10482,137355.96,126000,9.01
EMP-10483,96281.86,104000,-7.42
EMP-10484,91056.53,98000,-7.09
EMP-10485,85425.4,76000,12.4
EMP-10486,71546.43,76000,-5.86
EMP-10487,128542.67,124000,3.66
EMP-10488,94183.52,98000,-3.89
EMP-10489,70264.4,78000,-9.92
EMP-10490,144111.74,128000,12.59
EMP-10491,92935.42,98000,-5.17
EMP-10492,72152.34,76000,-5.06
EMP-10493,83907.34,94000,-10.74
EMP-10494,81590.88,86000,-5.13
EMP-10495,83616.63,92000,-9.11
EMP-10496,87208.58,92000,-5.21
EMP-10497,90987.41,98000,-7.16
EMP-10498,133861.67,126000,6.24
EMP-10499,79766.02,78000,2.26
EMP-10500,71165.7,84000,-15.28
EMP-10501,87823.34,78000,12.59
EMP-10502,62518.5,76000,-17.74
EMP-10503,127093.64,124000,2.49
EMP-10504,105897.32,126000,-15.95
EMP-10505,91408.39,92000,-0.64
EMP-10506,101572.52,98000,3.65
EMP-10507,131995.31,118000,11.86
EMP-10508,84956.79,76000,11.79
EMP-10509,122430.08,124000,-1.27
EMP-10510,84997.86,86000,-1.17
EMP-10511,133769.23,118000,13.36
EMP-10512,89948.03,78000,15.32
EMP-10513,91580.3,92000,-0.46
EMP-10514,98568.25,124000,-20.51
EMP-10515,102359.94,98000,4.45
EMP-10516,80185.74,88000,-8.88
EMP-10517,151759.92,152000,-0.16
EMP-10518,109661.09,128000,-14.33
EMP-10519,97195.22,86000,13.02
EMP-10520,133188.08,152000,-12.38
EMP-10521,98995.68,104000,-4.81
EMP-10522,77476.34,94000,-17.58
EMP-10523,109122.4,124000,-12.0
EMP-10524,97549.5,92000,6.03
EMP-10525,104310.34,98000,6.44
EMP-10526,87382.51,94000,-7.04
EMP-10527,137259.66,128000,7.23
EMP-10528,115242.59,118000,-2.34
EMP-10529,89805.32,104000,-13.65
EMP-10530,108714.14,124000,-12.33
EMP-10531,95226.88,88000,8.21
EMP-10532,84200.83,84000,0.24
EMP-10533,141724.23,132000,7.37
EMP-10534,136787.72,118000,15.92
EMP-10535,72911.07,86000,-15.22
EMP-10536,88629.24,84000,5.51
EMP-10537,128587.1,132000,-2.59
EMP-10538,124759.12,128000,-2.53
EMP-10539,101630.84,92000,10.47
EMP-10540,160744.94,132000,21.78
EMP-10541,108696.98,98000,10.92
EMP-10542,92248.82,104000,-11.3
EMP-10543,101819.13,94000,8.32
EMP-10544,87931.76,98000,-10.27
EMP-10545,115379.7,124000,-6.95
EMP-10546,79722.27,86000,-7.3
EMP-10547,144077.21,128000,12.56
EMP-10548,106240.74,118000,-9.97
EMP-10549,89205.9,88000,1.37
EMP-10550,91948.26,98000,-6.18
EMP-10551,79754.48,88000,-9.37
EMP-10552,66569.79,76000,-12.41
EMP-10553,75075.66,76000,-1.22
EMP-10554,129409.22,152000,-14.86
EMP-10555,93445.59,88000,6.19
EMP-10556,81347.02,76000,7.04
EMP-10557,115921.71,124000,-6.51
EMP-10558,113150.71,118000,-4.11
EMP-10559,83631.38,84000,-0.44
EMP-10560,70599.69,78000,-9.49
EMP-10561,77258.15,86000,-10.16
EMP-10562,135780.82,132000,2.86
EMP-10563,153116.43,152000,0.73
EMP-10564,94267.91,104000,-9.36
EMP-10565,127020.33,124000,2.44
EMP-10566,144908.05,152000,-4.67
EMP-10567,87866.79,86000,2.17
EMP-10568,94293.18,92000,2.49
EMP-10569,151276.46,152000,-0.48
EMP-10570,88008.75,104000,-15.38
EMP-10571,121053.15,124000,-2.38
EMP-10572,90262.42,92000,-1.89
EMP-10573,120463.62,126000,-4.39
EMP-10574,107484.8,98000,9.68
EMP-10575,93603.2,92000,1.74
EMP-10576,87900.6,78000,12.69
EMP-10577,107345.54,118000,-9.03
EMP-10578,123348.63,132000,-6.55
EMP-10579,111017.18,104000,6.75
EMP-10580,95525.55,104000,-8.15
EMP-10581,140581.56,132000,6.5
EMP-10582,74123.17,76000,-2.47
EMP-10583,74620.45,94000,-20.62
EMP-10584,71973.8,76000,-5.3
EMP-10585,162691.45,152000,7.03
EMP-10586,85992.33,98000,-12.25
EMP-10587,86329.65,84000,2.77
EMP-10588,115635.14,124000,-6.75
EMP-10589,115055.07,92000,25.06
EMP-10590,76307.66,88000,-13.29
EMP-10591,72509.4,76000,-4.59
EMP-10592,116127.82,126000,-7.84
EMP-10593,70535.14,76000,-7.19
EMP-10594,56118.45,62000,-9.49
EMP-10595,126747.05,124000,2.22
EMP-10596,129748.04,152000,-14.64
EMP-10597,77413.3,76000,1.86
EMP-10598,121557.02,118000,3.01
EMP-10599,84282.47,88000,-4.22
EMP-10600,61201.29,76000,-19.47
EMP-10601,121870.66,124000,-1.72
EMP-10602,61698.05,76000,-18.82
EMP-10603,78604.82,86000,-8.6
EMP-10604,139070.72,128000,8.65
EMP-10605,76011.73,78000,-2.55
EMP-10606,68977.27,88000,-21.62
EMP-10607,105847.27,128000,-17.31
EMP-10608,88753.29,88000,0.86
EMP-10609,134296.13,128000,4.92
EMP-10610,131338.51,152000,-13.59
EMP-10611,104997.74,118000,-11.02
EMP-10612,125150.43,124000,0.93
EMP-10613,81341.6,86000,-5.42
EMP-10614,90935.39,98000,-7.21
EMP-10615,93487.79,92000,1.62
EMP-10616,88350.49,84000,5.18
EMP-10617,70277.42,76000,-7.53
EMP-10618,66493.18,62000,7.25
EMP-10619,153193.29,152000,0.79
EMP-10620,72939.65,78000,-6.49
EMP-10621,120515.92,128000,-5.85
EMP-10622,126520.86,132000,-4.15
EMP-10623,70607.8,76000,-7.1
EMP-10624,119959.73,132000,-9.12
EMP-10625,85916.56,86000,-0.1
EMP-10626,76501.27,78000,-1.92
EMP-10627,90601.44,86000,5.35
EMP-10628,90665.04,88000,3.03
EMP-10629,139469.25,128000,8.96
EMP-10630,81037.65,76000,6.63
EMP-10631,78177.68,76000,2.87
EMP-10632,141808.25,152000,-6.71
EMP-10633,115404.65,126000,-8.41
EMP-10634,96075.63,86000,11.72
EMP-10635,121564.39,124000,-1.96
EMP-10636,135843.88,128000,6.13
EMP-10637,96849.7,98000,-1.17
EMP-10638,102470.07,92000,11.38
EMP-10639,120740.11,126000,-4.17
EMP-10640,108603.77,94000,15.54
EMP-10641,101333.09,104000,-2.56
EMP-10642,133569.73,128000,4.35
EMP-10643,119088.07,98000,21.52
EMP-10644,60363.0,62000,-2.64
EMP-10645,74267.26,76000,-2.28
EMP-10646,70803.22,76000,-6.84
EMP-10647,87056.18,84000,3.64
EMP-10648,75705.56,78000,-2.94
EMP-10649,175732.97,152000,15.61
EMP-10650,60179.42,62000,-2.94
EMP-10651,113620.38,128000,-11.23
EMP-10652,150055.37,152000,-1.28
EMP-10653,80570.72,86000,-6.31
EMP-10654,86223.54,94000,-8.27
EMP-10655,116099.16,98000,18.47
EMP-10656,84483.08,88000,-4.0
EMP-10657,80105.55,86000,-6.85
EMP-10658,88324.94,88000,0.37
EMP-10659,74663.74,76000,-1.76
EMP-10660,79172.03,76000,4.17
EMP-10661,75558.8,76000,-0.58
EMP-10662,120087.66,118000,1.77
EMP-10663,76913.02,78000,-1.39
EMP-10664,89140.55,104000,-14.29
EMP-10665,86910.98,94000,-7.54
EMP-10666,89809.85,76000,18.17
EMP-10667,79834.3,94000,-15.07
EMP-10668,105165.98,92000,14.31
EMP-10669,75091.75,88000,-14.67
EMP-10670,140110.42,132000,6.14
EMP-10671,106705.67,104000,2.6
EMP-10672,69093.72,76000,-9.09
EMP-10673,66759.97,76000,-12.16
EMP-10674,91412.92,86000,6.29
EMP-10675,69049.85,78000,-11.47
EMP-10676,89741.34,94000,-4.53
EMP-10677,94561.31,94000,0.6
EMP-10678,123375.57,118000,4.56
EMP-10679,84967.71,88000,-3.45
EMP-10680,107288.26,118000,-9.08
EMP-10681,114038.23,118000,-3.36
EMP-10682,100649.95,98000,2.7
EMP-10683,146597.37,124000,18.22
EMP-10684,79072.31,88000,-10.15
EMP-10685,77734.45,78000,-0.34
EMP-10686,89465.41,86000,4.03
EMP-10687,139776.52,126000,10.93
EMP-10688,114891.63,128000,-10.24
EMP-10689,120536.69,128000,-5.83
EMP-10690,73750.44,84000,-12.2
EMP-10691,120483.27,126000,-4.38
EMP-10692,110160.57,124000,-11.16
EMP-10693,134461.31,152000,-11.54
EMP-10694,54205.95,62000,-12.57
EMP-10695,109092.33,104000,4.9
EMP-10696,85864.32,118000,-27.23
EMP-10697,104834.46,92000,13.95
EMP-10698,83694.59,86000,-2.68
EMP-10699,122009.02,124000,-1.61
EMP-10700,108306.57,104000,4.14
EMP-10701,64246.77,76000,-15.46
EMP-10702,108713.08,98000,10.93
EMP-10703,84711.01,84000,0.85
EMP-10704,79872.14,78000,2.4
EMP-10705,63743.56,76000,-16.13
EMP-10706,112752.98,118000,-4.45
EMP-10707,145914.24,152000,-4.0
EMP-10708,149642.24,152000,-1.55
EMP-10709,123056.47,118000,4.29
EMP-10710,100717.35,98000,2.77
EMP-10711,87496.16,86000,1.74
EMP-10712,61618.84,62000,-0.61
EMP-10713,85506.75,86000,-0.57
EMP-10714,50793.73,62000,-18.07
EMP-10715,120253.01,128000,-6.05
EMP-10716,84317.57,76000,10.94
EMP-10717,119515.48,124000,-3.62
EMP-10718,87943.62,98000,-10.26
EMP-10719,122959.19,128000,-3.94
EMP-10720,108564.96,118000,-8.0
EMP-10721,110911.11,118000,-6.01
EMP-10722,85389.44,88000,-2.97
EMP-10723,83862.84,78000,7.52
EMP-10724,134557.78,126000,6.79
EMP-10725,144718.61,152000,-4.79
EMP-10726,94974.12,86000,10.44
EMP-10727,81338.7,78000,4.28
EMP-10728,124255.39,132000,-5.87
EMP-10729,60520.44,62000,-2.39
EMP-10730,92970.91,92000,1.06
EMP-10731,77358.73,78000,-0.82
EMP-10732,86632.0,92000,-5.83
EMP-10733,141751.75,152000,-6.74
EMP-10734,78145.6,76000,2.82
EMP-10735,121008.12,104000,16.35
EMP-10736,132775.24,124000,7.08
EMP-10737,98672.77,88000,12.13
EMP-10738,88192.47,98000,-10.01
EMP-10739,138407.29,128000,8.13
EMP-10740,68460.94,84000,-18.5
EMP-10741,82361.29,78000,5.59
EMP-10742,101799.86,98000,3.88
EMP-10743,120797.04,118000,2.37
EMP-10744,98998.27,98000,1.02
EMP-10745,78970.78,76000,3.91
EMP-10746,92103.9,94000,-2.02
EMP-10747,131634.12,124000,6.16
EMP-10748,113636.4,88000,29.13
EMP-10749,70473.68,76000,-7.27
EMP-10750,79203.62,84000,-5.71
EMP-10751,71970.76,76000,-5.3
EMP-10752,58257.51,62000,-6.04
EMP-10753,84377.53,88000,-4.12
EMP-10754,114390.11,128000,-10.63
EMP-10755,123923.27,126000,-1.65
EMP-10756,54271.98,62000,-12.46
EMP-10757,128564.86,118000,8.95
EMP-10758,114457.2,104000,10.06
EMP-10759,91997.57,88000,4.54
EMP-10760,72349.78,76000,-4.8
EMP-10761,116019.64,126000,-7.92
EMP-10762,68427.8,76000,-9.96
EMP-10763,132154.72,118000,12.0
EMP-10764,75066.79,76000,-1.23
EMP-10765,144106.39,152000,-5.19
EMP-10766,103480.41,98000,5.59
EMP-10767,76782.51,76000,1.03
EMP-10768,81998.86,98000,-16.33
EMP-10769,88561.71,88000,0.64
EMP-10770,96093.73,88000,9.2
EMP-10771,142516.06,152000,-6.24
EMP-10772,132895.36,126000,5.47
EMP-10773,101213.41,98000,3.28
EMP-10774,72055.64,78000,-7.62
EMP-10775,85452.57,78000,9.55
EMP-10776,120927.16,104000,16.28
EMP-10777,92235.01,88000,4.81
EMP-10778,143010.79,124000,15.33
EMP-10779,86179.05,88000,-2.07
EMP-10780,62011.1,62000,0.02
EMP-10781,96496.75,92000,4.89
EMP-10782,75061.04,88000,-14.7
EMP-10783,57814.96,62000,-6.75
EMP-10784,76614.81,88000,-12.94
EMP-10785,92339.64,98000,-5.78
EMP-10786,138552.1,152000,-8.85
EMP-10787,159357.94,152000,4.84
EMP-10788,91220.02,94000,-2.96
EMP-10789,82501.67,88000,-6.25
EMP-10790,120595.27,124000,-2.75
EMP-10791,131073.1,124000,5.7
EMP-10792,129747.85,128000,1.37
EMP-10793,77457.41,76000,1.92
EMP-10794,67000.61,62000,8.07
EMP-10795,67577.52,76000,-11.08
EMP-10796,79574.65,78000,2.02
EMP-10797,109078.64,98000,11.3
EMP-10798,66389.45,62000,7.08
EMP-10799,162505.95,152000,6.91
EMP-10800,88772.66,92000,-3.51
EMP-10801,83528.95,92000,-9.21
EMP-10802,124189.5,124000,0.15
EMP-10803,141583.2,152000,-6.85
EMP-10804,71406.27,76000,-6.04
EMP-10805,84117.8,86000,-2.19
EMP-10806,92074.84,118000,-21.97
EMP-10807,74864.69,88000,-14.93
EMP-10808,147036.68,152000,-3.27
EMP-10809,99345.77,92000,7.98
EMP-10810,158639.3,152000,4.37
EMP-10811,97761.42,98000,-0.24
EMP-10812,83788.43,86000,-2.57
EMP-10813,65705.43,76000,-13.55
EMP-10814,129684.01,124000,4.58
EMP-10815,125670.02,118000,6.5
EMP-10816,103813.5,104000,-0.18
EMP-10817,181508.89,152000,19.41
EMP-10818,93552.48,88000,6.31
EMP-10819,91512.14,92000,-0.53
EMP-10820,64259.21,76000,-15.45
EMP-10821,56499.99,62000,-8.87
EMP-10822,78991.67,86000,-8.15
EMP-10823,121174.91,118000,2.69
EMP-10824,91583.87,88000,4.07
EMP-10825,111974.16,124000,-9.7
EMP-10826,173073.72,152000,13.86
EMP-10827,104539.97,104000,0.52
EMP-10828,120362.81,124000,-2.93
EMP-10829,96099.22,104000,-7.6
EMP-10830,130738.83,132000,-0.96
EMP-10831,96373.97,98000,-1.66
EMP-10832,73040.92,62000,17.81
EMP-10833,86956.42,86000,1.11
EMP-10834,96402.83,86000,12.1
EMP-10835,122438.26,128000,-4.35
EMP-10836,89353.46,94000,-4.94
EMP-10837,68078.2,62000,9.8
EMP-10838,184035.81,152000,21.08
EMP-10839,93693.75,98000,-4.39
EMP-10840,126609.58,132000,-4.08
EMP-10841,54410.36,76000,-28.41
EMP-10842,117284.22,98000,19.68
EMP-10843,168800.72,152000,11.05
EMP-10844,68335.47,76000,-10.08
EMP-10845,85923.15,92000,-6.61
EMP-10846,62851.24,62000,1.37
EMP-10847,113221.01,128000,-11.55
EMP-10848,131677.34,128000,2.87
EMP-10849,73547.94,76000,-3.23
EMP-10850,125468.41,124000,1.18
EMP-10851,99540.41,124000,-19.73
EMP-10852,134503.63,132000,1.9
EMP-10853,74714.1,78000,-4.21
EMP-10854,102091.3,94000,8.61
EMP-10855,83060.42,98000,-15.24
EMP-10856,98965.49,104000,-4.84
EMP-10857,90259.23,94000,-3.98
EMP-10858,86630.97,84000,3.13
EMP-10859,161794.0,152000,6.44
EMP-10860,110168.12,124000,-11.15
EMP-10861,85048.15,86000,-1.11
EMP-10862,87730.61,98000,-10.48
EMP-10863,73861.1,88000,-16.07
EMP-10864,74549.18,76000,-1.91
EMP-10865,90273.91,94000,-3.96
EMP-10866,101877.92,88000,15.77
EMP-10867,98812.21,94000,5.12
EMP-10868,73461.73,78000,-5.82
EMP-10869,70438.85,62000,13.61
EMP-10870,78109.06,76000,2.78
EMP-10871,103200.17,94000,9.79
EMP-10872,89584.34,76000,17.87
EMP-10873,77060.05,86000,-10.4
EMP-10874,87987.93,94000,-6.4
EMP-10875,59946.44,62000,-3.31
EMP-10876,84582.11,78000,8.44
EMP-10877,71847.28,86000,-16.46
EMP-10878,124189.71,152000,-18.3
EMP-10879,76729.5,92000,-16.6
EMP-10880,134917.52,152000,-11.24
EMP-10881,89258.92,88000,1.43
EMP-10882,168131.16,152000,10.61
EMP-10883,140710.64,152000,-7.43
EMP-10884,98571.41,98000,0.58
EMP-10885,69774.76,78000,-10.55
EMP-10886,90696.74,104000,-12.79
EMP-10887,105863.79,124000,-14.63
EMP-10888,101278.07,98000,3.34
EMP-10889,163624.58,152000,7.65
EMP-10890,82754.94,86000,-3.77
EMP-10891,94276.22,86000,9.62
EMP-10892,123782.27,128000,-3.3
EMP-10893,109400.19,128000,-14.53
EMP-10894,92019.75,86000,7.0
EMP-10895,82839.48,86000,-3.68
EMP-10896,71871.06,86000,-16.43
EMP-10897,86866.5,88000,-1.29
EMP-10898,55799.89,62000,-10.0
EMP-10899,87296.27,88000,-0.8
EMP-10900,96692.03,92000,5.1
EMP-10901,67469.67,78000,-13.5
EMP-10902,76212.58,88000,-13.39
EMP-10903,125917.76,126000,-0.07
EMP-10904,86592.88,98000,-11.64
EMP-10905,70616.97,78000,-9.47
EMP-10906,85534.82,94000,-9.01
EMP-10907,102928.87,104000,-1.03
EMP-10908,161627.49,152000,6.33
EMP-10909,80099.57,78000,2.69
EMP-10910,137749.91,126000,9.33
EMP-10911,62019.49,76000,-18.4
EMP-10912,90051.04,88000,2.33
EMP-10913,68357.09,62000,10.25
EMP-10914,81367.71,86000,-5.39
EMP-10915,83150.28,118000,-29.53
EMP-10916,114486.86,132000,-13.27
EMP-10917,137909.59,152000,-9.27
EMP-10918,142767.23,126000,13.31
EMP-10919,86001.08,86000,0.0
EMP-10920,65907.13,78000,-15.5
EMP-10921,135350.6,152000,-10.95
EMP-10922,76451.06,88000,-13.12
EMP-10923,109719.79,92000,19.26
EMP-10924,71817.3,76000,-5.5
EMP-10925,77103.07,88000,-12.38
EMP-10926,84546.55,92000,-8.1
EMP-10927,129215.98,126000,2.55
EMP-10928,114746.52,118000,-2.76
EMP-10929,122651.15,132000,-7.08
EMP-10930,69820.4,86000,-18.81
EMP-10931,103005.25,98000,5.11
EMP-10932,148910.9,152000,-2.03
EMP-10933,149921.23,152000,-1.37
EMP-10934,43418.1,62000,-29.97
EMP-10935,90116.09,88000,2.4
EMP-10936,95355.1,94000,1.44
EMP-10937,105625.62,98000,7.78
EMP-10938,74093.32,76000,-2.51
EMP-10939,107577.56,104000,3.44
EMP-10940,131176.34,132000,-0.62
EMP-10941,75577.46,76000,-0.56
EMP-10942,74235.69,76000,-2.32
EMP-10943,131819.21,118000,11.71
EMP-10944,106606.68,98000,8.78
EMP-10945,86950.87,92000,-5.49
EMP-10946,84562.53,88000,-3.91
EMP-10947,97573.12,104000,-6.18
EMP-10948,128476.64,128000,0.37
EMP-10949,80961.16,86000,-5.86
EMP-10950,119611.6,132000,-9.39
EMP-10951,136478.02,124000,10.06
EMP-10952,73542.02,78000,-5.72
EMP-10953,95688.31,98000,-2.36
EMP-10954,112130.7,118000,-4.97
EMP-10955,84868.28,86000,-1.32
EMP-10956,118237.07,152000,-22.21
EMP-10957,73004.83,76000,-3.94
EMP-10958,140678.91,132000,6.57
EMP-10959,117142.03,124000,-5.53
EMP-10960,120943.48,126000,-4.01
EMP-10961,67022.86,78000,-14.07
EMP-10962,79738.8,86000,-7.28
EMP-10963,90386.79,76000,18.93
EMP-10964,94341.45,98000,-3.73
EMP-10965,66499.49,62000,7.26
EMP-10966,71250.51,76000,-6.25
EMP-10967,147312.36,152000,-3.08
EMP-10968,88605.48,98000,-9.59
EMP-10969,95823.06,92000,4.16
EMP-10970,67013.91,76000,-11.82
EMP-10971,162775.64,152000,7.09
EMP-10972,111618.45,118000,-5.41
EMP-10973,104124.4,92000,13.18
EMP-10974,94592.9,118000,-19.84
EMP-10975,73246.85,88000,-16.76
EMP-10976,174619.63,152000,14.88
EMP-10977,133079.67,124000,7.32
EMP-10978,90165.54,92000,-1.99
EMP-10979,82482.21,88000,-6.27
EMP-10980,129584.79,128000,1.24
EMP-10981,74033.65,88000,-15.87
EMP-10982,140042.8,152000,-7.87
EMP-10983,103627.23,104000,-0.36
EMP-10984,81866.56,86000,-4.81
EMP-10985,82859.14,94000,-11.85
EMP-10986,137784.49,124000,11.12
EMP-10987,89395.75,86000,3.95
EMP-10988,68518.2,62000,10.51
EMP-10989,115706.96,118000,-1.94
EMP-10990,86553.35,86000,0.64
EMP-10991,85825.49,86000,-0.2
EMP-10992,128614.63,118000,9.0
EMP-10993,100176.43,94000,6.57
EMP-10994,186438.16,152000,22.66
EMP-10995,59093.79,76000,-22.25
EMP-10996,95874.55,104000,-7.81
EMP-10997,74093.31,88000,-15.8
EMP-10998,83867.81,98000,-14.42
EMP-10999,153784.43,152000,1.17
EMP-11000,108977.9,118000,-7.65
EMP-11001,86384.12,94000,-8.1
EMP-11002,89642.22,104000,-13.81
EMP-11003,99219.63,98000,1.24
EMP-11004,93888.56,104000,-9.72
EMP-11005,81318.84,86000,-5.44
EMP-11006,94026.53,92000,2.2
EMP-11007,83638.53,84000,-0.43
EMP-11008,102479.05,92000,11.39
EMP-11009,93741.68,104000,-9.86
EMP-11010,99172.03,84000,18.06
EMP-11011,131539.11,118000,11.47
EMP-11012,83738.88,88000,-4.84
EMP-11013,125564.94,118000,6.41
EMP-11014,74128.15,76000,-2.46
EMP-11015,87217.95,104000,-16.14
EMP-11016,91071.08,88000,3.49
EMP-11017,134443.46,132000,1.85
EMP-11018,73579.49,76000,-3.18
EMP-11019,151665.31,152000,-0.22
EMP-11020,99791.43,94000,6.16
EMP-11021,119246.24,128000,-6.84
EMP-11022,80790.71,84000,-3.82
EMP-11023,99598.33,92000,8.26
EMP-11024,77169.45,88000,-12.31
EMP-11025,87399.24,98000,-10.82
EMP-11026,113138.29,98000,15.45
EMP-11027,75958.83,86000,-11.68
EMP-11028,109466.3,104000,5.26
EMP-11029,71159.6,88000,-19.14
EMP-11030,131759.96,152000,-13.32
EMP-11031,109632.9,98000,11.87
EMP-11032,59497.11,62000,-4.04
EMP-11033,144753.0,152000,-4.77
EMP-11034,101423.81,98000,3.49
EMP-11035,90211.25,98000,-7.95
EMP-11036,144477.14,152000,-4.95
EMP-11037,77761.69,76000,2.32
EMP-11038,132149.44,124000,6.57
EMP-11039,136088.3,118000,15.33
EMP-11040,84901.0,84000,1.07
EMP-11041,91946.3,92000,-0.06
EMP-11042,71528.91,78000,-8.3
EMP-11043,121957.61,132000,-7.61
EMP-11044,88035.34,88000,0.04
EMP-11045,124550.39,128000,-2.7
EMP-11046,90857.83,88000,3.25
EMP-11047,70714.67,76000,-6.95
EMP-11048,134934.94,124000,8.82
EMP-11049,88587.17,86000,3.01
EMP-11050,103677.87,98000,5.79
EMP-11051,149777.58,152000,-1.46
EMP-11052,69897.67,76000,-8.03
EMP-11053,51143.93,76000,-32.71
EMP-11054,121424.63,124000,-2.08
EMP-11055,77495.45,86000,-9.89
EMP-11056,95883.22,92000,4.22
EMP-11057,122774.34,104000,18.05
EMP-11058,64326.34,62000,3.75
EMP-11059,138162.7,128000,7.94
EMP-11060,84455.46,92000,-8.2
EMP-11061,62849.26,76000,-17.3
EMP-11062,100455.96,118000,-14.87
EMP-11063,92353.46,98000,-5.76
EMP-11064,89161.71,84000,6.14
EMP-11065,75358.5,84000,-10.29
EMP-11066,80429.48,92000,-12.58
EMP-11067,111440.05,118000,-5.56
EMP-11068,88063.78,98000,-10.14
EMP-11069,77115.59,76000,1.47
EMP-11070,74310.65,76000,-2.22
EMP-11071,160137.25,152000,5.35
EMP-11072,128597.88,118000,8.98
EMP-11073,75786.03,88000,-13.88
EMP-11074,69566.57,62000,12.2
EMP-11075,77928.25,86000,-9.39
EMP-11076,94840.63,88000,7.77
EMP-11077,87850.01,76000,15.59
EMP-11078,76915.21,94000,-18.18
EMP-11079,132910.61,124000,7.19
EMP-11080,106855.85,104000,2.75
EMP-11081,111983.32,126000,-11.12
EMP-11082,119739.94,128000,-6.45
EMP-11083,69410.6,76000,-8.67
EMP-11084,63850.69,76000,-15.99
EMP-11085,130835.43,124000,5.51
EMP-11086,81305.52,86000,-5.46
EMP-11087,123878.21,124000,-0.1
EMP-11088,90071.04,86000,4.73
EMP-11089,79797.49,76000,5.0
EMP-11090,150888.17,152000,-0.73
EMP-11091,105814.23,98000,7.97
EMP-11092,78156.33,78000,0.2
EMP-11093,71007.82,76000,-6.57
EMP-11094,90742.63,88000,3.12
EMP-11095,87557.56,88000,-0.5
EMP-11096,79545.26,78000,1.98
EMP-11097,89018.19,104000,-14.41
EMP-11098,133366.5,126000,5.85
EMP-11099,156327.41,152000,2.85
EMP-11100,80396.96,92000,-12.61
EMP-11101,100804.84,94000,7.24
EMP-11102,93313.29,94000,-0.73
EMP-11103,118007.47,124000,-4.83
EMP-11104,88361.92,92000,-3.95
EMP-11105,72635.0,86000,-15.54
EMP-11106,103617.55,128000,-19.05
EMP-11107,88973.89,88000,1.11
EMP-11108,167947.41,152000,10.49
EMP-11109,99403.25,88000,12.96
EMP-11110,112204.37,118000,-4.91
EMP-11111,124124.22,124000,0.1
EMP-11112,93674.77,92000,1.82
EMP-11113,94251.59,88000,7.1
EMP-11114,106401.88,92000,15.65
EMP-11115,133320.5,126000,5.81
EMP-11116,82951.81,86000,-3.54
EMP-11117,77656.83,86000,-9.7
EMP-11118,82538.21,88000,-6.21
EMP-11119,92761.77,86000,7.86
EMP-11120,68079.48,76000,-10.42
EMP-11121,91893.46,94000,-2.24
EMP-11122,62761.1,76000,-17.42
EMP-11123,111114.58,94000,18.21
EMP-11124,71826.49,84000,-14.49
EMP-11125,93961.3,88000,6.77
EMP-11126,102139.64,132000,-22.62
EMP-11127,95971.45,92000,4.32
EMP-11128,137209.08,132000,3.95
EMP-11129,107533.27,128000,-15.99
EMP-11130,113943.34,126000,-9.57
EMP-11131,70072.83,92000,-23.83
EMP-11132,136315.44,128000,6.5
EMP-11133,116827.2,128000,-8.73
EMP-11134,83688.53,88000,-4.9
EMP-11135,62001.31,76000,-18.42
EMP-11136,59011.08,78000,-24.34
EMP-11137,99306.86,98000,1.33
EMP-11138,93215.22,98000,-4.88
EMP-11139,85208.92,78000,9.24
EMP-11140,75945.63,94000,-19.21
EMP-11141,134075.37,128000,4.75
EMP-11142,130071.14,118000,10.23
EMP-11143,76439.09,78000,-2.0
EMP-11144,79330.4,88000,-9.85
EMP-11145,95753.24,88000,8.81
EMP-11146,62461.36,62000,0.74
EMP-11147,92248.7,86000,7.27
EMP-11148,60833.78,62000,-1.88
EMP-11149,75784.3,92000,-17.63
EMP-11150,93425.22,98000,-4.67
EMP-11151,84535.8,76000,11.23
EMP-11152,83831.84,86000,-2.52
EMP-11153,124037.73,128000,-3.1
EMP-11154,110646.31,104000,6.39
EMP-11155,74910.59,98000,-23.56
EMP-11156,62733.62,76000,-17.46
EMP-11157,101120.29,98000,3.18
EMP-11158,114371.12,124000,-7.77
EMP-11159,76289.89,76000,0.38
EMP-11160,100923.16,86000,17.35
EMP-11161,91538.52,92000,-0.5
EMP-11162,73787.89,76000,-2.91
EMP-11163,122323.08,128000,-4.44
EMP-11164,75011.1,78000,-3.83
EMP-11165,83452.28,94000,-11.22
EMP-11166,90498.08,78000,16.02
EMP-11167,103954.05,118000,-11.9
EMP-11168,114917.46,124000,-7.32
EMP-11169,81171.85,76000,6.81
EMP-11170,142305.11,152000,-6.38
EMP-11171,119469.62,104000,14.87
EMP-11172,90578.14,92000,-1.55
EMP-11173,98872.18,104000,-4.93
EMP-11174,94777.54,88000,7.7
EMP-11175,112935.5,118000,-4.29
EMP-11176,96158.26,98000,-1.88
EMP-11177,68376.32,76000,-10.03
EMP-11178,126579.18,128000,-1.11
EMP-11179,91928.59,98000,-6.2
EMP-11180,99731.18,86000,15.97
EMP-11181,94410.38,92000,2.62
EMP-11182,88313.04,86000,2.69
EMP-11183,120772.62,128000,-5.65
EMP-11184,109123.14,118000,-7.52
EMP-11185,80774.3,92000,-12.2
EMP-11186,95716.5,88000,8.77
EMP-11187,186271.54,152000,22.55
EMP-11188,112880.88,98000,15.18
EMP-11189,76939.72,78000,-1.36
EMP-11190,116548.75,118000,-1.23
EMP-11191,147594.21,152000,-2.9
EMP-11192,71309.46,62000,15.02
EMP-11193,83421.86,78000,6.95
EMP-11194,76379.44,88000,-13.21
EMP-11195,53413.38,62000,-13.85
EMP-11196,114539.68,126000,-9.1
EMP-11197,74044.0,86000,-13.9
EMP-11198,77488.56,76000,1.96
EMP-11199,121160.85,132000,-8.21
